{"options":{"check_for_updates":true,"comment":null,"compatopts_for_requires":true,"compat_wrappedjsobject":false,"compat_metadata":false,"compat_foreach":false,"compat_prototypes":false,"noframes":null,"run_at":null,"override":{"use_includes":[],"orig_includes":[],"merge_includes":true,"use_matches":[],"orig_matches":["https://classroom.google.com/*"],"merge_matches":true,"use_excludes":[],"orig_excludes":[],"merge_excludes":true,"use_connects":[],"merge_connects":true,"use_blockers":[],"orig_run_at":"document-idle","orig_noframes":true}},"settings":{"enabled":true,"position":9},"meta":{"name":"\u0011Google Classroom | Interface modification\u0011","uuid":"6f185597-d40c-40cb-bf2b-872fbd24dbae","modified":1631712066734,"file_url":"https://greasyfork.org/scripts/401386-google-classroom-interface-modification/code/%11Google%20Classroom%20%7C%20Interface%20modification%11.user.js"}}