{"options":{"check_for_updates":true,"comment":null,"compatopts_for_requires":true,"compat_wrappedjsobject":false,"compat_metadata":false,"compat_foreach":false,"compat_prototypes":false,"noframes":null,"run_at":null,"override":{"use_includes":[],"orig_includes":[],"merge_includes":true,"use_matches":[],"orig_matches":["https://mlochbaum.github.io/BQN/try.html"],"merge_matches":true,"use_excludes":[],"orig_excludes":[],"merge_excludes":true,"use_connects":[],"merge_connects":true,"use_blockers":[],"orig_run_at":"document-idle","orig_noframes":null}},"settings":{"enabled":true,"position":11},"meta":{"name":"BQN CGCC post","uuid":"c4640470-998b-41e3-8e2a-613c0f6942e5","modified":1638957198547,"file_url":"https://github.com/razetime/userscripts/raw/main/bqncgcc.user.js"}}