{"options":{"check_for_updates":true,"comment":null,"compatopts_for_requires":true,"compat_wrappedjsobject":false,"compat_metadata":false,"compat_foreach":false,"compat_prototypes":false,"noframes":null,"run_at":null,"override":{"use_includes":[],"orig_includes":[],"merge_includes":true,"use_matches":[],"orig_matches":["https://github.com/*"],"merge_matches":true,"use_excludes":[],"orig_excludes":[],"merge_excludes":true,"use_connects":[],"merge_connects":true,"use_blockers":[],"orig_run_at":"document-idle","orig_noframes":null}},"settings":{"enabled":true,"position":8},"meta":{"name":"BQN highlighting","uuid":"216c026c-685e-4bd1-bc67-d6b453a632b2","modified":1628100524329,"file_url":"https://gist.github.com/dzaima/35ca0ce12b5e215a62460f00e693984f/raw/a6d68f4d0cd502d61b4d33982a6933c1e7b29622/githubBQN.user.js"}}