{"options":{"check_for_updates":true,"comment":null,"compatopts_for_requires":true,"compat_wrappedjsobject":false,"compat_metadata":false,"compat_foreach":false,"compat_prototypes":false,"noframes":null,"run_at":null,"override":{"use_includes":[],"orig_includes":[],"merge_includes":true,"use_matches":[],"orig_matches":["https://classroom.google.com/*"],"merge_matches":true,"use_excludes":[],"orig_excludes":[],"merge_excludes":true,"use_connects":[],"merge_connects":true,"use_blockers":[],"orig_run_at":"document-idle","orig_noframes":null}},"settings":{"enabled":true,"position":10},"meta":{"name":"Change Google Classroom User","uuid":"15dd7e8f-86cf-41f2-9a53-128b804c1b24","modified":1631712087887,"file_url":"https://openuserjs.org/install/C4illin/Change_Google_Classroom_User.user.js"}}