{"options":{"check_for_updates":true,"comment":null,"compatopts_for_requires":true,"compat_wrappedjsobject":false,"compat_metadata":false,"compat_foreach":false,"compat_prototypes":false,"noframes":null,"run_at":null,"override":{"use_includes":[],"orig_includes":[],"merge_includes":true,"use_matches":[],"orig_matches":["https://*.stackexchange.com/review*","https://stackoverflow.com/review*","https://*.stackoverflow.com/review*","https://superuser.com/review*","https://*.superuser.com/review*","https://serverfault.com/review*","https://*.serverfault.com/review*","https://stackapps.com/review*","https://*.stackapps.com/review*","https://askubuntu.com/review*","https://*.askubuntu.com/review*","https://mathoverflow.com/review*","https://*.mathoverflow.com/review*"],"merge_matches":true,"use_excludes":[],"orig_excludes":["https://api.stackexchange.com/*","https://chat.stackexchange.com/*","https://chat.meta.stackexchange.com/*","https://chat.stackoverflow.com/*","https://data.stackexchange.com/*","https://dev.stackexchange.com/*","https://openid.stackexchange.com/*","https://insights.stackoverflow.com/*"],"merge_excludes":true,"use_connects":[],"merge_connects":true,"use_blockers":[],"orig_run_at":"document-idle","orig_noframes":null}},"settings":{"enabled":true,"position":7},"meta":{"name":"Generic Review Tool","uuid":"ea61e517-09fb-4629-b8c0-4037fb765630","modified":1630067721431,"file_url":"https://github.com/RedwolfPrograms/userscripts/raw/main/generic-review-tool.user.js"}}