{"data":{"code-challenge-tag-question":"s{\"url\":\"https://codegolf.stackexchange.com/questions/23100/minimal-keystrokes-needed-to-type-a-given-text\",\"title\":\"Minimal keystrokes needed to type a given text\"}","code-golf-tag-question":"s{\"url\":\"https://codegolf.stackexchange.com/questions/307/obfuscated-hello-world\",\"title\":\"Obfuscated Hello World\"}","lastDateRefreshedQOD":"s22","main.GOAT_MODE":"btrue","main.MODE_DARK":"bfalse","main.REPLACE_NAMES":"btrue","math-tag-question":"s{\"url\":\"https://codegolf.stackexchange.com/questions/31999/newtons-method-by-recursive-quines\",\"title\":\"Newtons Method by Recursive Quines\"}","other-tags-today":"s[\"primes\",\"game\"]","primes-tag-question":"s{\"url\":\"https://codegolf.stackexchange.com/questions/10739/find-largest-prime-which-is-still-a-prime-after-digit-deletion\",\"title\":\"Find largest prime which is still a prime after digit deletion\"}","game-tag-question":"s{\"url\":\"https://codegolf.stackexchange.com/questions/38153/program-a-2048-ai-using-an-existing-framework\",\"title\":\"Program a 2048 AI using an existing Framework\"}"},"ts":1645529887112}