{"options":{"check_for_updates":true,"comment":null,"compatopts_for_requires":true,"compat_wrappedjsobject":false,"compat_metadata":false,"compat_foreach":false,"compat_prototypes":false,"noframes":null,"run_at":null,"override":{"use_includes":[],"orig_includes":[],"merge_includes":true,"use_matches":[],"orig_matches":["*://*.codegolf.stackexchange.com/*","*://codegolf.meta.stackexchange.com/*","*://chat.stackexchange.com/*"],"merge_matches":true,"use_excludes":[],"orig_excludes":[],"merge_excludes":true,"use_connects":[],"merge_connects":true,"use_blockers":[],"orig_run_at":"document-idle","orig_noframes":null}},"settings":{"enabled":true,"position":5},"meta":{"name":"PPCG Graduation Script","uuid":"ebc4add2-b8db-426e-8795-936f9e9b42b5","modified":1612449407090,"file_url":"https://github.com/vihanb/PPCG-Design/raw/master/ppcg.user.js"}}