{"options":{"check_for_updates":true,"comment":null,"compatopts_for_requires":true,"compat_wrappedjsobject":false,"compat_metadata":false,"compat_foreach":false,"compat_prototypes":false,"noframes":null,"run_at":null,"override":{"use_includes":[],"orig_includes":["http://chat.*.stackexchange.com/rooms/*","http://chat.stackoverflow.com/rooms/*","http://chat.serverfault.com/rooms/*","http://chat.superuser.com/rooms/*","http://chat.askubuntu.com/rooms/*"],"merge_includes":true,"use_matches":[],"orig_matches":[],"merge_matches":true,"use_excludes":[],"orig_excludes":[],"merge_excludes":true,"use_connects":[],"merge_connects":true,"use_blockers":[],"orig_run_at":"document-idle","orig_noframes":null}},"settings":{"enabled":true,"position":2},"meta":{"name":"SE Chat Catch-up Marker Remover","uuid":"1cba7432-7cbe-4517-b12d-e5e7726869e4","modified":1611640646803}}