{"options":{"check_for_updates":true,"comment":null,"compatopts_for_requires":true,"compat_wrappedjsobject":false,"compat_metadata":false,"compat_foreach":false,"compat_prototypes":false,"noframes":null,"run_at":null,"override":{"use_includes":[],"orig_includes":[],"merge_includes":true,"use_matches":[],"orig_matches":["https://codegolf.stackexchange.com/*","https://codegolf.meta.stackexchange.com/*"],"merge_matches":true,"use_excludes":[],"orig_excludes":[],"merge_excludes":true,"use_connects":[],"merge_connects":true,"use_blockers":[],"orig_run_at":"document-start","orig_noframes":null}},"settings":{"enabled":true,"position":6},"meta":{"name":"Ungraduation","uuid":"f2c37388-ad1d-4467-ac2f-cecb240ccf0a","modified":1620098449665,"file_url":"https://gist.github.com/hyper-neutrino/c591af36fdcfa70ce25987f5332728d2/raw/47f4a5980c6838e072d3641debe380f155a52555/ppcg-ungraduation.user.js"}}